model,BP_stat,BP_p,White_stat,White_p,reject_homosked_5%
M1a,222.78076479995593,3.7404428371098074e-35,853.7111001343591,7.2944542356962904e-65,yes
M1c,212.18944773253335,1.2627559926677057e-34,797.3179073052368,8.982092915272948e-74,yes
M2c,162.8606455992565,2.1024024576632527e-24,786.1319805462132,8.916141139540602e-66,yes
M3c_canonical,95.60027517907737,7.654541185460858e-12,413.93728786349755,9.874329910277672e-15,yes
