group,n,share
cy_B_offseason only,472,0.6145833333333334
cy_C only,263,0.3424479166666667
Both B & C,33,0.04296875
Total cy_exogenous=1,768,1.0
