pred,n_eval,n_truth_1,n_pred_1,TP,FP,FN,TN,TPR_recall,FPR,precision,F1,accuracy
cy_exogenous,149,54,27,20,7,34,88,0.37037037037037035,0.07368421052631578,0.7407407407407407,0.49382716049382713,0.7248322147651006
contract_year,149,54,45,27,18,27,77,0.5,0.18947368421052632,0.6,0.5454545454545454,0.697986577181208
cy_A_up,155,54,22,10,12,44,89,0.18518518518518517,0.1188118811881188,0.45454545454545453,0.2631578947368421,0.6387096774193548
cy_B_offseason,149,54,21,17,4,37,91,0.3148148148148148,0.042105263157894736,0.8095238095238095,0.4533333333333333,0.7248322147651006
cy_C,186,66,6,3,3,63,117,0.045454545454545456,0.025,0.5,0.08333333333333333,0.6451612903225806
